Title,Link
,https://www.daraz.com.bd/products/-i148692963-s1074802129.html?search=1
,https://www.daraz.com.bd/products/3-3-3-3-i265771385-s1237580103.html?search=1
,https://www.daraz.com.bd/products/unstitched-digital-printed-lawn-jhoom-boutiqcs-latest-designd-cotton-three-piece-for-women-stylish-salwar-kameez-3pcs-green-color-i171546347-s1107544509.html?search=1
,https://www.daraz.com.bd/products/-i179427154-s1120515852.html?search=1
,https://www.daraz.com.bd/products/3-i173688821-s1110320071.html?search=1
,https://www.daraz.com.bd/products/-i182640848-s1126595447.html?search=1
,https://www.daraz.com.bd/products/-i179440240-s1120536572.html?search=1
,https://www.daraz.com.bd/products/-i185842403-s1131748013.html?search=1
,https://www.daraz.com.bd/products/-i185837701-s1131735825.html?search=1
,https://www.daraz.com.bd/products/-i306334469-s1404683424.html?search=1
,https://www.daraz.com.bd/products/4-i306943951-s1375039432.html?search=1
,https://www.daraz.com.bd/products/-i314740169-s1435266320.html?search=1
,https://www.daraz.com.bd/products/3-i225067312-s1170479146.html?search=1
,https://www.daraz.com.bd/products/eid-3-i302976758-s1349024186.html?search=1
,https://www.daraz.com.bd/products/unstitched-three-piece-for-women-i272240387-s1245734777.html?search=1
,https://www.daraz.com.bd/products/3-2-i303792555-s1354145727.html?search=1
,https://www.daraz.com.bd/products/4-i252880277-s1198266644.html?search=1
,https://www.daraz.com.bd/products/4-i304238789-s1404636524.html?search=1
,https://www.daraz.com.bd/products/-i249888748-s1240559430.html?search=1
,https://www.daraz.com.bd/products/readymade-stitched-printed-anarkali-suit-gown-three-piece-for-women-dress-for-girls-3-pice-dress-three-piece-3-pice-dress-i272885347-s1247069694.html?search=1
,https://www.daraz.com.bd/products/-i304474368-s1358779151.html?search=1
,https://www.daraz.com.bd/products/4-i304232865-s1356843656.html?search=1
,https://www.daraz.com.bd/products/unstitched-indian-rasika-silk-salwar-kamiz-three-piece-i245290931-s1189132302.html?search=1
,https://www.daraz.com.bd/products/high-quality-cotton-digital-skin-print-3-pice-dress-i213757078-s1162962299.html?search=1
,https://www.daraz.com.bd/products/4-i275234576-s1359772494.html?search=1
,https://www.daraz.com.bd/products/4-i308866348-s1384439436.html?search=1
,https://www.daraz.com.bd/products/4-i239043567-s1359782446.html?search=1
,https://www.daraz.com.bd/products/3-i181765495-s1415009660.html?search=1
,https://www.daraz.com.bd/products/stylish-trendy-indian-organza-tissue-salwar-kameez-unstitched-dress-for-fashionable-girls-dress-for-girls-3-pice-dress-3-pice-dress-i239031794-s1182627993.html?search=1
,https://www.daraz.com.bd/products/katan-4-piece-gorgious-3piece-women-and-girls-silk-katan-shalwar-i300449867-s1334767511.html?search=1
,https://www.daraz.com.bd/products/3-i225069264-s1170474269.html?search=1
,https://www.daraz.com.bd/products/4-i226342551-s1170932595.html?search=1
,https://www.daraz.com.bd/products/4-i304238611-s1356855186.html?search=1
,https://www.daraz.com.bd/products/4-i168562966-s1181089141.html?search=1
,https://www.daraz.com.bd/products/2-i263737778-s1403524094.html?search=1
,https://www.daraz.com.bd/products/swiss-cotton-maroon-colour-skin-printed-one-pice-3-pice-dress-i221439399-s1168236835.html?search=1
,https://www.daraz.com.bd/products/3-i285314217-s1428756124.html?search=1
,https://www.daraz.com.bd/products/new-block-print-cotton-three-piece-for-women-nb-013-3-pice-dress-i158966332-s1090458845.html?search=1
,https://www.daraz.com.bd/products/-i148692963-s1074802129.html?search=1
,https://www.daraz.com.bd/products/3-3-3-3-i265771385-s1237580103.html?search=1
,https://www.daraz.com.bd/products/unstitched-digital-printed-lawn-jhoom-boutiqcs-latest-designd-cotton-three-piece-for-women-stylish-salwar-kameez-3pcs-green-color-i171546347-s1107544509.html?search=1
,https://www.daraz.com.bd/products/-i179427154-s1120515852.html?search=1
,https://www.daraz.com.bd/products/3-i173688821-s1110320071.html?search=1
,https://www.daraz.com.bd/products/-i182640848-s1126595447.html?search=1
,https://www.daraz.com.bd/products/-i179440240-s1120536572.html?search=1
,https://www.daraz.com.bd/products/-i185842403-s1131748013.html?search=1
,https://www.daraz.com.bd/products/-i185837701-s1131735825.html?search=1
,https://www.daraz.com.bd/products/-i306334469-s1404683424.html?search=1
,https://www.daraz.com.bd/products/4-i306943951-s1375039432.html?search=1
,https://www.daraz.com.bd/products/-i314740169-s1435266320.html?search=1
,https://www.daraz.com.bd/products/3-i225067312-s1170479146.html?search=1
,https://www.daraz.com.bd/products/eid-3-i302976758-s1349024186.html?search=1
,https://www.daraz.com.bd/products/unstitched-three-piece-for-women-i272240387-s1245734777.html?search=1
,https://www.daraz.com.bd/products/3-2-i303792555-s1354145727.html?search=1
,https://www.daraz.com.bd/products/4-i252880277-s1198266644.html?search=1
,https://www.daraz.com.bd/products/4-i304238789-s1404636524.html?search=1
,https://www.daraz.com.bd/products/-i249888748-s1240559430.html?search=1
,https://www.daraz.com.bd/products/readymade-stitched-printed-anarkali-suit-gown-three-piece-for-women-dress-for-girls-3-pice-dress-three-piece-3-pice-dress-i272885347-s1247069694.html?search=1
,https://www.daraz.com.bd/products/-i304474368-s1358779151.html?search=1
,https://www.daraz.com.bd/products/4-i304232865-s1356843656.html?search=1
,https://www.daraz.com.bd/products/unstitched-indian-rasika-silk-salwar-kamiz-three-piece-i245290931-s1189132302.html?search=1
,https://www.daraz.com.bd/products/high-quality-cotton-digital-skin-print-3-pice-dress-i213757078-s1162962299.html?search=1
,https://www.daraz.com.bd/products/4-i275234576-s1359772494.html?search=1
,https://www.daraz.com.bd/products/4-i308866348-s1384439436.html?search=1
,https://www.daraz.com.bd/products/4-i239043567-s1359782446.html?search=1
,https://www.daraz.com.bd/products/3-i181765495-s1415009660.html?search=1
,https://www.daraz.com.bd/products/stylish-trendy-indian-organza-tissue-salwar-kameez-unstitched-dress-for-fashionable-girls-dress-for-girls-3-pice-dress-3-pice-dress-i239031794-s1182627993.html?search=1
,https://www.daraz.com.bd/products/katan-4-piece-gorgious-3piece-women-and-girls-silk-katan-shalwar-i300449867-s1334767511.html?search=1
,https://www.daraz.com.bd/products/3-i225069264-s1170474269.html?search=1
,https://www.daraz.com.bd/products/4-i226342551-s1170932595.html?search=1
,https://www.daraz.com.bd/products/4-i304238611-s1356855186.html?search=1
,https://www.daraz.com.bd/products/4-i168562966-s1181089141.html?search=1
,https://www.daraz.com.bd/products/2-i263737778-s1403524094.html?search=1
,https://www.daraz.com.bd/products/swiss-cotton-maroon-colour-skin-printed-one-pice-3-pice-dress-i221439399-s1168236835.html?search=1
,https://www.daraz.com.bd/products/3-i285314217-s1428756124.html?search=1
,https://www.daraz.com.bd/products/new-block-print-cotton-three-piece-for-women-nb-013-3-pice-dress-i158966332-s1090458845.html?search=1
,https://www.daraz.com.bd/products/-i148692963-s1074802129.html?search=1
,https://www.daraz.com.bd/products/3-3-3-3-i265771385-s1237580103.html?search=1
,https://www.daraz.com.bd/products/unstitched-digital-printed-lawn-jhoom-boutiqcs-latest-designd-cotton-three-piece-for-women-stylish-salwar-kameez-3pcs-green-color-i171546347-s1107544509.html?search=1
,https://www.daraz.com.bd/products/-i179427154-s1120515852.html?search=1
,https://www.daraz.com.bd/products/3-i173688821-s1110320071.html?search=1
,https://www.daraz.com.bd/products/-i182640848-s1126595447.html?search=1
,https://www.daraz.com.bd/products/-i179440240-s1120536572.html?search=1
,https://www.daraz.com.bd/products/-i185842403-s1131748013.html?search=1
,https://www.daraz.com.bd/products/-i185837701-s1131735825.html?search=1
,https://www.daraz.com.bd/products/-i306334469-s1404683424.html?search=1
,https://www.daraz.com.bd/products/4-i306943951-s1375039432.html?search=1
,https://www.daraz.com.bd/products/-i314740169-s1435266320.html?search=1
,https://www.daraz.com.bd/products/3-i225067312-s1170479146.html?search=1
,https://www.daraz.com.bd/products/eid-3-i302976758-s1349024186.html?search=1
,https://www.daraz.com.bd/products/unstitched-three-piece-for-women-i272240387-s1245734777.html?search=1
,https://www.daraz.com.bd/products/3-2-i303792555-s1354145727.html?search=1
,https://www.daraz.com.bd/products/4-i252880277-s1198266644.html?search=1
,https://www.daraz.com.bd/products/4-i304238789-s1404636524.html?search=1
,https://www.daraz.com.bd/products/-i249888748-s1240559430.html?search=1
,https://www.daraz.com.bd/products/readymade-stitched-printed-anarkali-suit-gown-three-piece-for-women-dress-for-girls-3-pice-dress-three-piece-3-pice-dress-i272885347-s1247069694.html?search=1
,https://www.daraz.com.bd/products/-i304474368-s1358779151.html?search=1
,https://www.daraz.com.bd/products/4-i304232865-s1356843656.html?search=1
,https://www.daraz.com.bd/products/unstitched-indian-rasika-silk-salwar-kamiz-three-piece-i245290931-s1189132302.html?search=1
,https://www.daraz.com.bd/products/high-quality-cotton-digital-skin-print-3-pice-dress-i213757078-s1162962299.html?search=1
,https://www.daraz.com.bd/products/4-i275234576-s1359772494.html?search=1
,https://www.daraz.com.bd/products/4-i308866348-s1384439436.html?search=1
,https://www.daraz.com.bd/products/4-i239043567-s1359782446.html?search=1
,https://www.daraz.com.bd/products/3-i181765495-s1415009660.html?search=1
,https://www.daraz.com.bd/products/stylish-trendy-indian-organza-tissue-salwar-kameez-unstitched-dress-for-fashionable-girls-dress-for-girls-3-pice-dress-3-pice-dress-i239031794-s1182627993.html?search=1
,https://www.daraz.com.bd/products/katan-4-piece-gorgious-3piece-women-and-girls-silk-katan-shalwar-i300449867-s1334767511.html?search=1
,https://www.daraz.com.bd/products/3-i225069264-s1170474269.html?search=1
,https://www.daraz.com.bd/products/4-i226342551-s1170932595.html?search=1
,https://www.daraz.com.bd/products/4-i304238611-s1356855186.html?search=1
,https://www.daraz.com.bd/products/4-i168562966-s1181089141.html?search=1
,https://www.daraz.com.bd/products/2-i263737778-s1403524094.html?search=1
,https://www.daraz.com.bd/products/swiss-cotton-maroon-colour-skin-printed-one-pice-3-pice-dress-i221439399-s1168236835.html?search=1
,https://www.daraz.com.bd/products/3-i285314217-s1428756124.html?search=1
,https://www.daraz.com.bd/products/new-block-print-cotton-three-piece-for-women-nb-013-3-pice-dress-i158966332-s1090458845.html?search=1
,https://www.daraz.com.bd/products/-i148692963-s1074802129.html?search=1
,https://www.daraz.com.bd/products/3-3-3-3-i265771385-s1237580103.html?search=1
,https://www.daraz.com.bd/products/unstitched-digital-printed-lawn-jhoom-boutiqcs-latest-designd-cotton-three-piece-for-women-stylish-salwar-kameez-3pcs-green-color-i171546347-s1107544509.html?search=1
,https://www.daraz.com.bd/products/-i179427154-s1120515852.html?search=1
,https://www.daraz.com.bd/products/3-i173688821-s1110320071.html?search=1
,https://www.daraz.com.bd/products/-i182640848-s1126595447.html?search=1
,https://www.daraz.com.bd/products/-i179440240-s1120536572.html?search=1
,https://www.daraz.com.bd/products/-i185842403-s1131748013.html?search=1
,https://www.daraz.com.bd/products/-i185837701-s1131735825.html?search=1
,https://www.daraz.com.bd/products/-i306334469-s1404683424.html?search=1
,https://www.daraz.com.bd/products/4-i306943951-s1375039432.html?search=1
,https://www.daraz.com.bd/products/-i314740169-s1435266320.html?search=1
,https://www.daraz.com.bd/products/3-i225067312-s1170479146.html?search=1
,https://www.daraz.com.bd/products/eid-3-i302976758-s1349024186.html?search=1
,https://www.daraz.com.bd/products/unstitched-three-piece-for-women-i272240387-s1245734777.html?search=1
,https://www.daraz.com.bd/products/3-2-i303792555-s1354145727.html?search=1
,https://www.daraz.com.bd/products/4-i252880277-s1198266644.html?search=1
,https://www.daraz.com.bd/products/4-i304238789-s1404636524.html?search=1
,https://www.daraz.com.bd/products/-i249888748-s1240559430.html?search=1
,https://www.daraz.com.bd/products/readymade-stitched-printed-anarkali-suit-gown-three-piece-for-women-dress-for-girls-3-pice-dress-three-piece-3-pice-dress-i272885347-s1247069694.html?search=1
,https://www.daraz.com.bd/products/-i304474368-s1358779151.html?search=1
,https://www.daraz.com.bd/products/4-i304232865-s1356843656.html?search=1
,https://www.daraz.com.bd/products/unstitched-indian-rasika-silk-salwar-kamiz-three-piece-i245290931-s1189132302.html?search=1
,https://www.daraz.com.bd/products/high-quality-cotton-digital-skin-print-3-pice-dress-i213757078-s1162962299.html?search=1
,https://www.daraz.com.bd/products/4-i275234576-s1359772494.html?search=1
,https://www.daraz.com.bd/products/4-i308866348-s1384439436.html?search=1
,https://www.daraz.com.bd/products/4-i239043567-s1359782446.html?search=1
,https://www.daraz.com.bd/products/3-i181765495-s1415009660.html?search=1
,https://www.daraz.com.bd/products/stylish-trendy-indian-organza-tissue-salwar-kameez-unstitched-dress-for-fashionable-girls-dress-for-girls-3-pice-dress-3-pice-dress-i239031794-s1182627993.html?search=1
,https://www.daraz.com.bd/products/katan-4-piece-gorgious-3piece-women-and-girls-silk-katan-shalwar-i300449867-s1334767511.html?search=1
,https://www.daraz.com.bd/products/3-i225069264-s1170474269.html?search=1
,https://www.daraz.com.bd/products/4-i226342551-s1170932595.html?search=1
,https://www.daraz.com.bd/products/4-i304238611-s1356855186.html?search=1
,https://www.daraz.com.bd/products/4-i168562966-s1181089141.html?search=1
,https://www.daraz.com.bd/products/2-i263737778-s1403524094.html?search=1
,https://www.daraz.com.bd/products/swiss-cotton-maroon-colour-skin-printed-one-pice-3-pice-dress-i221439399-s1168236835.html?search=1
,https://www.daraz.com.bd/products/3-i285314217-s1428756124.html?search=1
,https://www.daraz.com.bd/products/new-block-print-cotton-three-piece-for-women-nb-013-3-pice-dress-i158966332-s1090458845.html?search=1
